,subID,riskyGain,riskyLoss,safe,RT,loc,response,choice,outcome,iti,itiExtra,evLevel,evInd,runSize,strategy,stimDispStart,choiceTimeStart,isiStart,outcomeDispStart,itiStart,trial,roundRDM,roundColor
1,005,28.37,0.0,15.45,2.393156332997023,1,"[['v', 2.393156332997023]]",1,0.0,1.25,1.6068436670029769,15.0,2.0,16.0,0,0.010515749992919154,2.0230660829984117,2.4080083750013728,2.91261170800135,3.913753250002628,1,1,0
2,005,33.28,0.0,13.12,1.9083070839988068,1,"[['v', 1.9083070839988068]]",1,33.28,1.75,2.0916929160011932,15.0,2.0,16.0,0,8.524628208004287,[],10.440922041001613,10.946818583004642,11.947970833003637,2,1,0
3,005,7.75,0.0,5.99,2.369977292008116,2,"[['n', 2.369977292008116]]",1,0.0,0.75,1.630022707991884,5.0,1.0,16.0,3,0.013967582999612205,2.0258576670021284,2.3883155420044204,2.8927818329975707,3.89386879200174,1,2,3
4,005,10.8,0.0,4.7,1.9719422080088407,1,"[['v', 1.9719422080088407]]",1,10.8,0.75,2.0280577919911593,5.0,1.0,16.0,3,7.02683945800527,[],9.006587583004148,9.512270749997697,10.513430250008241,2,2,3
5,005,48.41,0.0,25.75,1.016417040998931,2,"[['n', 1.016417040998931]]",1,48.41,0.75,2.983582959001069,25.0,3.0,16.0,2,0.012444499996490777,[],1.0351940830005333,1.5407805830036523,2.5419236250018002,1,3,2
6,005,53.19,0.0,24.2,1.7911470000108238,2,"[['n', 1.7911470000108238]]",1,0.0,0.75,2.208852999989176,25.0,3.0,16.0,2,7.027770250002504,[],8.824643832995207,9.330380749990582,10.3314514579979,2,3,2
7,005,30.88,0.0,15.3,1.5949245420051739,1,"[['v', 1.5949245420051739]]",1,30.88,1.75,2.405075457994826,15.0,2.0,5.0,1,0.014087875009863637,[],1.6166164580063196,2.121238791005453,3.122391458004131,1,4,1
8,005,20.3,0.0,20.15,1.4750657910044538,1,"[['n', 1.4750657910044538]]",0,20.15,0.75,2.524934208995546,15.0,2.0,5.0,1,8.021663125007763,[],9.504091458002222,10.008465625011013,11.009538958009216,2,4,1
