,subID,riskyGain,riskyLoss,safe,RT,loc,response,choice,outcome,iti,itiExtra,evLevel,evInd,runSize,strategy,stimDispStart,choiceTimeStart,isiStart,outcomeDispStart,itiStart,trial,roundRDM,roundColor
1,005,20.7,0.0,20.35,1.4132162499881815,2,"[['v', 1.4132162499881815]]",0,20.35,1.75,2.5867837500118185,15.0,2.0,5.0,0,0.016075166000518948,[],1.4368172499816865,1.9413231659855228,2.9423899579851422,1,1,0
2,005,31.85,0.0,14.38,1.5969798330042977,1,"[['v', 1.5969798330042977]]",1,0.0,1.25,2.4030201669957023,15.0,2.0,5.0,0,8.519931791001,[],10.128161707980325,10.632829249982024,11.633896749990527,2,1,0
3,005,51.62,0.0,25.11,1.5717319590039551,1,"[['v', 1.5717319590039551]]",1,0.0,0.75,2.428268040996045,25.0,3.0,5.0,3,0.015983958990545943,[],1.5978459999896586,2.102665167010855,3.1038645840017125,1,2,3
4,005,49.96,0.0,24.56,1.402091083000414,2,"[['v', 1.402091083000414]]",0,24.56,1.25,2.597908916999586,25.0,3.0,5.0,3,7.525660749990493,[],8.935221124993404,9.439650249987608,10.4407239590073,2,2,3
5,005,46.86,0.0,26.39,1.6208930420107208,2,"[['n', 1.6208930420107208]]",1,0.0,0.75,2.379106957989279,25.0,3.0,5.0,2,0.014492540998617187,[],1.6460588749905583,2.1508838750014547,3.151959665992763,1,3,2
6,005,54.88,0.0,22.44,1.292248500016285,1,"[['n', 1.292248500016285]]",0,22.44,0.75,2.707751499983715,25.0,3.0,5.0,2,7.079140957997879,[],8.378730291005922,8.883151916001225,9.884257750003599,2,3,2
7,005,48.55,0.0,26.67,1.5625609999988228,2,"[['v', 1.5625609999988228]]",0,26.67,0.75,2.437439000001177,25.0,3.0,5.0,1,0.017862333013908938,[],1.5886690000188537,2.093188208003994,3.094450875010807,1,4,1
8,005,50.63,0.0,24.05,1.0829876670031808,1,"[['n', 1.0829876670031808]]",0,24.05,1.25,2.917012332996819,25.0,3.0,5.0,1,7.517935292009497,[],8.606689417007146,9.111154458019882,10.112233042018488,2,4,1
