,riskyGain,riskyLoss,safe,RT,loc,response,choice,outcome,iti,itiExtra,stimDispStart,choiceTimeStart,isiStart,outcomeDispStart,itiStart,trial
1,53.17,0,27.89,1.176627541979542,2,"[['v', 1.176627541979542]]",0,27.89,1,2.823372458020458,0.023922458000015467,[],1.2052557920105755,1.7109253749949858,2.712035333010135,1
2,6.45,0,5.1,1.7654923330119345,2,"[['v', 1.7654923330119345]]",0,5.1,1.5,2.2345076669880655,6.532800832996145,[],8.303998207993573,8.80957241699798,9.810706207994372,2
