,subID,riskyGain,riskyLoss,safe,RT,loc,response,choice,outcome,iti,itiExtra,evLevel,evInd,runSize,strategy,stimDispStart,choiceTimeStart,isiStart,outcomeDispStart,itiStart,trial,roundRDM,roundColor
1,005,6.86,0.0,6.95,4.947290415992029,2,"[['v', 4.947290415992029]]",0,6.95,1.75,2.052709584007971,5.0,1.0,5.0,0,0.01136733399471268,3.5237823749921517,4.964280583997606,5.469899000003352,6.471003124999697,1,1,0
2,005,13.57,0.0,4.11,5.93398466699,1,"[['n', 5.93398466699]]",0,4.11,0.75,1.0660153330100002,5.0,1.0,5.0,0,11.018982042005518,14.52821870900516,16.95887629200297,17.46409374999348,18.465231124995626,2,1,0
3,005,29.72,0.0,14.16,5.917410458001541,1,"[['n', 5.917410458001541]]",0,14.16,0.75,1.082589541998459,15.0,2.0,16.0,3,0.013371000008191913,3.525025541006471,5.936974708005437,6.442328083008761,7.443422541007749,1,2,3
4,005,39.9,0.0,0.0,3.013144624987035,1,"[['v', 3.013144624987035]]",1,0.0,1.75,3.986855375012965,15.0,2.0,16.0,3,11.029187791005825,[],14.053896833007457,14.558338290997199,15.559429208005895,2,2,3
5,005,29.8,0.0,14.2,4.282006416004151,1,"[['n', 4.282006416004151]]",0,14.2,1.25,2.717993583995849,15.0,2.0,16.0,2,0.013189374993089586,3.5324602920009056,4.2993337090010755,4.804577499991865,5.805749749997631,1,3,2
6,005,24.92,0.0,18.46,3.597208249993855,2,"[['v', 3.597208249993855]]",0,18.46,1.25,3.402791750006145,15.0,2.0,16.0,2,11.01831683400087,14.528020083991578,14.61965799999598,15.12377216698951,16.124876333997236,2,3,2
7,005,5.14,0.0,7.57,4.3745624579896685,2,"[['v', 4.3745624579896685]]",0,7.57,1.25,2.6254375420103315,5.0,1.0,5.0,1,0.014207624990376644,3.526720124995336,4.393258625001181,4.898483999990276,5.899593957990874,1,4,1
8,005,10.18,0.0,5.23,2.3843461249925895,2,"[['n', 2.3843461249925895]]",1,0.0,1.25,4.6156538750074105,5.0,1.0,5.0,1,11.022557790987776,[],13.412611207997543,13.918404165990069,14.919533832988236,2,4,1
