,riskyGain,riskyLoss,safe,RT,loc,response,choice,outcome,iti,itiExtra,stimDispStart,choiceTimeStart,isiStart,outcomeDispStart,itiStart,trial
1,53.17,0,27.89,1.2368003340088762,1,"[['v', 1.2368003340088762]]",1,0,1,2.7631996659911238,0.020790915994439274,[],1.2642093749600463,1.7688632079516537,2.7699822079739533,1
2,6.45,0,5.1,1.0775499159935862,1,"[['n', 1.0775499159935862]]",0,5.1,1.5,2.922450084006414,6.530388957995456,[],7.612949707952794,8.117373165965546,9.118543124990538,2
