,riskyGain,riskyLoss,safe,RT,loc,response,choice,outcome,iti,itiExtra,stimDispStart,choiceTimeStart,isiStart,outcomeDispStart,itiStart,trial
1,53.17,0,27.89,0.0335172499762848,2,"[['n', 0.0335172499762848]]",1,53.17,1,3.966482750023715,0.02191958302864805,[],0.06038937502307817,0.5668867080239579,1.5680654580355622,1
2,6.45,0,5.1,0.8523315830389038,1,"[['v', 0.8523315830389038]]",1,0,1.5,3.1476684169610962,6.528291458031163,[],7.38390525005525,7.889618833025452,8.890717416012194,2
