,subID,riskyGain,riskyLoss,safe,RT,round_earnings,curr_goal,curr_bonus,loc,response,choice,outcome,iti,itiExtra,cond,stimDispStart,choiceTimeStart,isiStart,outcomeDispStart,itiStart,trial,roundRDM,roundColor,ischecktrial
1,005,17.28,0.0,9.36,3.5092974160215817,17.28,349.85,25,1,"[['v', 3.5092974160215817]]",1,17.28,0.75,0.49070258397841826,0,0.016092957986984402,2.028048874984961,3.531309040961787,4.038798249966931,5.03993787500076,0,1,1,0
2,005,11.84,0.0,6.08,1.7118766669882461,29.12,349.85,25,2,"[['n', 1.7118766669882461]]",1,11.84,1.25,2.288123333011754,0,6.27886037499411,[],7.996495040948503,8.50243395799771,9.503551082976628,1,1,1,0
3,005,0.0,0.0,3.13,3.4626062079914846,3.13,420.79,100,2,"[['v', 3.4626062079914846]]",0,3.13,1.25,0.5373937920085154,3,0.01510354201309383,2.0268349169637077,3.4834366249851882,3.9906556669739075,4.991724708001129,0,2,0,1
4,005,10.68,0.0,10.68,1.8030201669898815,13.809999999999999,420.79,100,2,"[['v', 1.8030201669898815]]",0,10.68,1.25,2.1969798330101185,3,6.769510457990691,[],8.578362707979977,9.086204874969553,10.087350166984834,1,2,0,1
5,005,18.77,0.0,8.61,1.8439400420174934,0.0,349.85,100,2,"[['n', 1.8439400420174934]]",1,0.0,0.75,2.1560599579825066,2,0.013927125022746623,[],1.8636895419913344,2.368305000010878,3.369377708993852,0,3,3,0
6,005,17.0,0.0,9.5,1.3730045830016024,17.0,349.85,100,1,"[['v', 1.3730045830016024]]",1,17.0,1.25,2.6269954169983976,2,6.274320917029399,[],7.653119791997597,8.159493375045713,9.16059441701509,1,3,3,0
7,005,16.26,0.0,9.87,1.5730859590112232,16.26,420.79,25,1,"[['v', 1.5730859590112232]]",1,16.26,0.75,2.426914040988777,1,0.015881291998084635,[],1.5948385840165429,2.101238834031392,3.102364916994702,0,4,2,0
8,005,11.62,0.0,6.19,0.9914326660218649,27.880000000000003,420.79,25,2,"[['n', 0.9914326660218649]]",1,11.62,0.75,3.008567333978135,1,6.27382254198892,[],7.268536625022534,7.775892042031046,8.776980917027686,1,4,2,0
