,subID,riskyGain,riskyLoss,safe,RT,round_earnings,curr_goal,curr_bonus,loc,response,choice,outcome,iti,itiExtra,cond,stimDispStart,choiceTimeStart,isiStart,outcomeDispStart,itiStart,trial,roundRDM,roundColor,ischecktrial
1,006,19.86,0.0,0.0,2.0948772080009803,19.86,420.79,25,2,"[['n', 2.0948772080009803]]",1,19.86,1.25,1.9051227919990197,1,0.015550374984741211,2.036129834013991,2.113785709021613,2.621096374990884,3.6222656670142896,0,1,2,1
2,006,13.1,7.73,4.68,1.4684062919695862,32.96,420.79,25,1,"[['v', 1.4684062919695862]]",1,13.1,0.75,2.531593708030414,1,6.772997624997515,[],8.247423166991211,8.753769500006456,9.754847791977227,1,1,2,1
3,006,12.68,0.0,5.66,1.358181958028581,12.68,349.85,25,1,"[['v', 1.358181958028581]]",1,12.68,1.25,2.641818041971419,0,0.015390708053018898,[],1.3795673749991693,1.8860270830336958,2.8871278750011697,0,2,1,0
4,006,19.86,0.0,8.07,1.6932027080329135,12.68,349.85,25,2,"[['n', 1.6932027080329135]]",1,0.0,0.75,2.3067972919670865,0,6.77188675000798,[],8.471212750009727,8.976956792001147,9.978073958016466,1,2,1,0
5,006,11.43,0.0,6.29,1.0146546670002863,11.43,349.85,100,2,"[['n', 1.0146546670002863]]",1,11.43,0.75,2.9853453329997137,2,0.0188098750077188,[],1.0368287499877624,1.5442137499921955,2.545317541982513,0,3,0,0
6,006,19.28,0.0,8.36,1.5351199159631506,11.43,349.85,100,1,"[['v', 1.5351199159631506]]",1,0.0,1.25,2.4648800840368494,2,6.269911292009056,[],7.811887833988294,8.317141917010304,9.318254292011261,1,3,0,0
7,006,16.0,0.0,4.0,1.3284809159813449,0.0,420.79,100,2,"[['n', 1.3284809159813449]]",1,0.0,1.25,2.671519084018655,3,0.015186208009254187,[],1.3498238329775631,1.85482220799895,2.8559688329696655,0,4,3,0
8,006,18.77,0.0,8.61,1.3384333330322988,18.77,420.79,100,1,"[['v', 1.3384333330322988]]",1,18.77,1.25,2.661566666967701,3,6.764976083009969,[],8.109232415969018,8.615586958010681,9.616682624968234,1,4,3,0
