,subID,riskyGain,riskyLoss,safe,RT,loc,response,choice,outcome,iti,itiExtra,evLevel,evInd,runSize,strategy,stimDispStart,choiceTimeStart,isiStart,outcomeDispStart,itiStart,trial,roundRDM,roundColor
1,005,32.26,0.0,13.17,1.298533666995354,2,"[['n', 1.298533666995354]]",1,32.26,0.75,2.701466333004646,15.0,2.0,5.0,0,0.011060125005315058,[],1.3174591660063015,1.8231785410025623,2.824290624994319,1,1,0
2,005,32.09,0.0,13.65,1.8477786670118803,1,"[['v', 1.8477786670118803]]",1,32.09,0.75,2.1522213329881197,15.0,2.0,5.0,0,7.02096624999831,[],8.877579082996817,9.382148582997615,10.383247874997323,2,1,0
3,005,26.0,0.0,16.24,1.6084311669983435,1,"[['n', 1.6084311669983435]]",0,16.24,1.75,2.3915688330016565,15.0,2.0,5.0,3,0.013354416005313396,[],1.6294306250056252,2.135258666006848,3.136340208002366,1,2,3
4,005,27.69,0.0,15.96,1.691789084012271,1,"[['v', 1.691789084012271]]",1,0.0,0.75,2.308210915987729,15.0,2.0,5.0,3,8.018392124999082,[],9.716121208010009,10.221785916000954,11.222865666000871,2,2,3
5,005,52.01,0.0,24.46,1.08099908400618,2,"[['n', 1.08099908400618]]",1,0.0,1.25,2.91900091599382,25.0,3.0,5.0,2,0.012865416996646672,[],1.09884887500084,1.604436458001146,2.6055505420081317,1,3,2
6,005,50.26,0.0,24.71,1.2760250410065055,1,"[['v', 1.2760250410065055]]",1,0.0,0.75,2.7239749589934945,25.0,3.0,5.0,2,7.521949792004307,[],8.803778083005454,9.30875370799913,10.30984874999558,2,3,2
7,005,30.76,0.0,14.96,1.0884757500025444,1,"[['n', 1.0884757500025444]]",0,14.96,0.75,2.9115242499974556,15.0,2.0,16.0,1,0.012330832993029617,[],1.1106044159969315,1.614957832993241,2.616026374991634,1,4,1
8,005,39.84,0.0,9.92,1.0915844590053894,1,"[['v', 1.0915844590053894]]",1,0.0,1.25,2.9084155409946106,15.0,2.0,16.0,1,7.527067666000221,[],8.622193707997212,9.127091499991366,10.128207874993677,2,4,1
