,subID,riskyGain,riskyLoss,safe,RT,loc,response,choice,outcome,iti,itiExtra,evLevel,evInd,runSize,strategy,stimDispStart,choiceTimeStart,isiStart,outcomeDispStart,itiStart,trial,roundRDM,roundColor
1,005,40.06,0.0,30.03,1.4892328749992885,2,"[['v', 1.4892328749992885]]",0,30.03,1.0,5.5107671250007115,25.0,3.0,5.0,0,0.010509542000363581,[],1.5056583339974168,2.009778791994904,3.0108574589976342,1,1,0
2,005,46.26,0.0,26.37,1.7667869170036283,1,"[['n', 1.7667869170036283]]",0,26.37,1.0,5.233213082996372,25.0,3.0,5.0,0,10.522093374995166,[],12.294268792000366,12.799426874997152,13.800602833995072,2,1,0
3,005,4.7,0.0,8.35,1.9036477920017205,1,"[['n', 1.9036477920017205]]",0,8.35,1.0,5.0963522079982795,5.0,1.0,16.0,3,0.013393999994150363,[],1.922751915997651,2.4280513749981765,3.4291275829964434,1,2,3
4,005,12.59,0.0,4.18,2.164446249997127,2,"[['n', 2.164446249997127]]",1,0.0,1.5,4.835553750002873,5.0,1.0,16.0,3,11.021486499994353,[],13.191516707993287,13.696895457993378,14.698023040997214,2,2,3
5,005,53.17,0.0,24.19,3.755206375004491,1,"[['n', 3.755206375004491]]",0,24.19,1.5,3.244793624995509,25.0,3.0,5.0,2,0.012720292004814837,3.5251177079990157,3.772152833000291,4.276200416999927,5.277304167000693,1,3,2
6,005,56.68,0.0,0.0,2.0477333330054535,2,"[['n', 2.0477333330054535]]",1,56.68,1.0,4.9522666669945465,25.0,3.0,5.0,2,11.026939082999888,[],13.080319583001256,13.585764750001545,14.586877583002206,2,3,2
7,005,43.24,0.0,27.62,1.4382625829966855,2,"[['n', 1.4382625829966855]]",1,0.0,1.5,5.5617374170033145,25.0,3.0,16.0,1,0.015085459002875723,[],1.4632027499974356,1.967630166996969,2.9687347919971216,1,4,1
8,005,53.46,0.0,22.73,1.5063127920002444,1,"[['v', 1.5063127920002444]]",1,0.0,1.0,5.493687207999756,25.0,3.0,16.0,1,11.02422958399984,[],12.536310791998403,13.040638209000463,14.041771666998102,2,4,1
