,riskyGain,riskyLoss,safe,RT,loc,response,choice,outcome,iti,itiExtra,stimDispStart,choiceTimeStart,isiStart,outcomeDispStart,itiStart,trial
1,53.17,0,27.89,1.8556667499942705,1,"[['v', 1.8556667499942705]]",1,53.17,1,2.1443332500057295,0.017171625018818304,[],1.8772853749978822,2.380958334018942,3.3821764170133974,1
2,6.45,0,5.1,1.0996290000039153,1,"[['v', 1.0996290000039153]]",1,0,1.5,2.9003709999960847,6.52458833399578,[],7.626647584023885,8.129888249997748,9.130992000020342,2
