,riskyGain,riskyLoss,safe,RT,loc,response,choice,outcome,iti,itiExtra,stimDispStart,choiceTimeStart,isiStart,outcomeDispStart,itiStart,trial
1,53.17,0,27.89,2.0802706250033225,2,"[['n', 2.0802706250033225]]",1,53.17,1,4.9197293749966775,0.07653633400332183,[],2.1629882089982857,2.6684858340013307,3.6695835840000655,1
2,6.45,0,5.1,3.8619027080058004,1,"[['n', 3.8619027080058004]]",0,5.1,1.5,3.1380972919941996,9.531602959003067,13.042369709000923,13.397114958999737,13.901122542003577,14.902241042000242,2
