,subID,riskyGain,riskyLoss,safe,RT,round_earnings,curr_goal,curr_bonus,loc,response,choice,outcome,iti,itiExtra,cond,stimDispStart,choiceTimeStart,isiStart,outcomeDispStart,itiStart,trial,roundRDM,roundColor,ischecktrial
1,005,13.04,0.0,5.48,1.230937583022751,13.04,349.85,25,1,"[['v', 1.230937583022751]]",1,13.04,0.75,2.769062416977249,0,0.015175916021689773,[],1.2522802500170656,1.7580377500271425,2.759141333051957,0,1,1,0
2,005,20.53,0.0,7.73,0.8266854590037838,33.57,349.85,25,2,"[['n', 0.8266854590037838]]",1,20.53,1.25,3.1733145409962162,0,6.27349408302689,[],7.1049139580572955,7.610446041042451,8.611521458020434,1,1,1,0
3,005,15.96,0.0,10.02,0.9192669999902137,0.0,420.79,100,2,"[['n', 0.9192669999902137]]",1,0.0,0.75,3.0807330000097863,3,0.01560391701059416,[],0.9394099999917671,1.445120207965374,2.4463027919991873,0,2,0,0
4,005,22.97,0.0,6.51,0.8350714999833144,0.0,420.79,100,1,"[['v', 0.8350714999833144]]",1,0.0,0.75,3.1649285000166856,3,6.273992082977202,[],7.112290207995102,7.61799954198068,8.619110041996464,1,2,0,0
5,005,17.0,0.0,9.5,0.8215909999562427,17.0,349.85,100,2,"[['n', 0.8215909999562427]]",1,17.0,0.75,3.1784090000437573,2,0.01111279200995341,[],0.8394524169852957,1.3451067080022767,2.346195042016916,0,3,3,0
6,005,16.6,0.0,9.7,0.6784487080294639,33.6,349.85,100,1,"[['v', 0.6784487080294639]]",1,16.6,1.25,3.321551291970536,2,6.283595875022002,[],6.966782542003784,7.4727764170384035,8.473882791993674,1,3,3,0
7,005,16.11,6.99,6.99,0.840545832994394,16.11,420.79,25,2,"[['n', 0.840545832994394]]",1,16.11,0.75,3.159454167005606,1,0.01571087504271418,[],0.8625873340060934,1.3671534589957446,2.368248417042196,0,4,2,1
8,005,0.0,0.0,3.13,2.523836250009481,16.11,420.79,25,2,"[['n', 2.523836250009481]]",1,0.0,0.75,1.4761637499905191,1,6.279833875014447,8.298650375043508,8.80819887504913,9.312789542018436,10.31388308404712,1,4,2,1
