,subID,riskyGain,riskyLoss,safe,RT,loc,response,choice,outcome,iti,itiExtra,evLevel,evInd,runSize,strategy,stimDispStart,choiceTimeStart,isiStart,outcomeDispStart,itiStart,trial,roundRDM,roundColor
1,005,0.06,0.0,10.03,1.3188607080082875,1,"[['n', 1.3188607080082875]]",0,10.03,1.75,2.6811392919917125,5.0,1.0,5.0,0,0.011212416997295804,[],1.3382058330025757,1.8435594579932513,2.8446864580037072,1,1,0
2,005,1.2,0.0,8.6,1.43914400000358,1,"[['n', 1.43914400000358]]",0,8.6,0.75,2.56085599999642,5.0,1.0,5.0,0,8.02310883300379,[],9.469942208001157,9.974284791998798,10.975445874995785,2,1,0
3,005,40.02,0.0,30.01,1.5430492500017863,2,"[['v', 1.5430492500017863]]",0,30.01,0.75,2.4569507499982137,25.0,3.0,16.0,3,0.013296792007167824,[],1.563619833003031,2.0699924579967046,3.0710846669971943,1,2,3
4,005,46.89,0.0,26.12,3.39344295799674,1,"[['v', 3.39344295799674]]",1,0.0,0.75,0.60655704200326,25.0,3.0,16.0,3,7.016986208007438,9.026956500005326,10.415945083004772,10.921812707994832,11.922904499995639,2,2,3
5,005,10.6,0.0,4.6,2.6851641249959357,2,"[['n', 2.6851641249959357]]",1,10.6,0.75,1.3148358750040643,5.0,1.0,16.0,2,0.012306999997235835,2.025952583993785,2.7037027499900432,3.208569249996799,4.209671624994371,1,3,2
6,005,11.04,0.0,5.38,3.2289593330060598,2,"[['n', 3.2289593330060598]]",1,11.04,0.75,0.7710406669939402,5.0,1.0,16.0,2,7.033397041988792,9.042489916988416,10.268520458994317,10.774085249999189,11.775195291993441,2,3,2
7,005,6.28,0.0,7.14,1.126377082997351,1,"[['n', 1.126377082997351]]",0,7.14,0.75,2.873622917002649,5.0,1.0,5.0,1,0.01776354099274613,[],1.150632791002863,1.6561869159922935,2.657293208001647,1,4,1
8,005,9.26,0.0,5.05,3.20486670799437,2,"[['n', 3.20486670799437]]",1,0.0,0.75,0.7951332920056302,5.0,1.0,5.0,1,7.028159624998807,9.037835625000298,10.23876779100101,10.745145915992907,11.74625087500317,2,4,1
