,riskyGain,riskyLoss,safe,RT,loc,response,choice,outcome,iti,itiExtra,stimDispStart,choiceTimeStart,isiStart,outcomeDispStart,itiStart,trial
1,53.17,0,27.89,0.8973760829831008,1,"[['n', 0.8973760829831008]]",0,27.89,1,3.102623917016899,0.014953166013583541,[],0.9154864579904824,1.4207703749998473,2.4218835410138126,1
2,6.45,0,5.1,1.1835642920050304,1,"[['n', 1.1835642920050304]]",0,5.1,1.5,2.8164357079949696,6.525306458002888,[],7.714291874988703,8.218292250006925,9.219367125013378,2
