,riskyGain,riskyLoss,safe,RT,loc,response,choice,outcome,iti,itiExtra,stimDispStart,choiceTimeStart,isiStart,outcomeDispStart,itiStart,trial
1,53.17,0,27.89,0.946718958002748,2,"[['n', 0.946718958002748]]",1,0,1,3.053281041997252,0.015098499978194013,[],0.9648262909904588,1.469867957988754,2.470972499984782,1
2,6.45,0,5.1,0.8116894169943407,2,"[['n', 0.8116894169943407]]",1,0,1.5,3.1883105830056593,6.528018624987453,[],7.342543082981138,7.847550082980888,8.848727832984878,2
