,riskyGain,riskyLoss,safe,RT,loc,response,choice,outcome,iti,itiExtra,stimDispStart,choiceTimeStart,isiStart,outcomeDispStart,itiStart,trial
1,53.17,0,27.89,3.3592673749953974,2,"[['n', 3.3592673749953974]]",1,0,1,0.6407326250046026,0.02233354200143367,2.0330109170026844,3.386833167009172,3.8914619170100195,4.892746249999618,1
2,6.45,0,5.1,NaN,1,,NaN,NaN,1.5,0,6.536535125007504,8.546377625010791,10.551607708010124,11.056193167009042,12.057290333003039,2
