,riskyGain,riskyLoss,safe,RT,loc,response,choice,outcome,iti,itiExtra,stimDispStart,choiceTimeStart,isiStart,outcomeDispStart,itiStart,trial
1,53.17,0,27.89,3.216123999998672,1,"[['v', 3.216123999998672]]",1,0,1,0.7838760000013281,0.01968670799396932,2.030377707997104,3.241286999997101,3.7466120409953874,4.747701624990441,1
2,6.45,0,5.1,1.3228400420048274,2,"[['v', 1.3228400420048274]]",0,5.1,1.5,2.6771599579951726,6.521591915996396,[],7.849255708002602,8.353512957997737,9.3546126250003,2
