,riskyGain,riskyLoss,safe,RT,loc,response,choice,outcome,iti,itiExtra,stimDispStart,choiceTimeStart,isiStart,outcomeDispStart,itiStart,trial
1,53.17,0,27.89,0.6930672089802101,1,"[['v', 0.6930672089802101]]",1,53.17,1,3.30693279101979,0.021707458014134318,[],0.7198127079755068,1.2253930409788154,2.2264805830200203,1
2,6.45,0,5.1,0.2496972499648109,1,"[['v', 0.2496972499648109]]",1,6.45,1.5,3.750302750035189,6.518729457980953,[],6.773294250015169,7.277813582972158,8.27901912498055,2
