,riskyGain,riskyLoss,safe,RT,loc,response,choice,outcome,iti,itiExtra,stimDispStart,choiceTimeStart,isiStart,outcomeDispStart,itiStart,trial
1,53.17,0,27.89,1.3229340830002911,1,"[['n', 1.3229340830002911]]",0,27.89,1,2.677065916999709,0.02861999999731779,[],1.3576828749792185,1.8632973749772646,2.864462083001854,1
2,6.45,0,5.1,1.4309319170133676,1,"[['n', 1.4309319170133676]]",0,5.1,1.5,2.5690680829866324,6.528926290979143,[],7.9658461659855675,8.470238124980824,9.471332290995633,2
