,subID,riskyGain,riskyLoss,safe,RT,round_earnings,curr_goal,curr_bonus,loc,response,choice,outcome,iti,itiExtra,cond,stimDispStart,choiceTimeStart,isiStart,outcomeDispStart,itiStart,trial,roundRDM,roundColor,ischecktrial
1,005,13.1,7.73,4.68,1.4666772500495426,13.1,349.85,25,2,"[['n', 1.4666772500495426]]",1,13.1,0.75,2.5333227499504574,0,0.016247040999587625,[],1.4903417500318028,1.9949986250139773,2.996130208019167,0,1,1,1
2,005,13.45,0.0,5.27,0.8865890830056742,26.549999999999997,349.85,25,1,"[['v', 0.8865890830056742]]",1,13.45,0.75,3.113410916994326,0,6.2765987910097465,[],7.168020625016652,7.67363833298441,8.67472979100421,1,1,1,0
3,005,16.26,0.0,9.87,1.1593361250124872,16.26,420.79,100,1,"[['v', 1.1593361250124872]]",1,16.26,0.75,2.840663874987513,3,0.015390166954603046,[],1.1795279170037247,1.6841332080075517,2.68528608296765,0,2,0,0
4,005,0.0,0.0,7.55,1.1557936670142226,23.810000000000002,420.79,100,2,"[['v', 1.1557936670142226]]",0,7.55,1.25,2.8442063329857774,3,6.278531916963402,[],7.441837499965914,7.94624916696921,8.947356707998551,1,2,0,1
5,005,13.04,0.0,5.48,1.1157652500551194,0.0,349.85,100,1,"[['v', 1.1157652500551194]]",1,0.0,1.25,2.8842347499448806,2,0.014049666991923004,[],1.1358178749796934,1.6404384999768808,2.6415451249922626,0,3,3,0
6,005,17.0,0.0,9.5,1.7596214999794029,0.0,349.85,100,1,"[['v', 1.7596214999794029]]",1,0.0,0.75,2.240378500020597,2,6.780265334004071,[],8.546463083999697,9.050981124979444,10.052072333986871,1,3,3,0
7,005,16.26,0.0,9.87,1.2229276669677347,0.0,420.79,25,1,"[['v', 1.2229276669677347]]",1,0.0,1.25,2.7770723330322653,1,0.014665667025838047,[],1.2409442500211298,1.745381582994014,2.746707874990534,0,4,2,0
8,005,15.96,0.0,10.02,1.0083307499880902,10.02,420.79,25,1,"[['n', 1.0083307499880902]]",0,10.02,1.25,2.9916692500119098,1,6.782562125008553,[],7.7963259579846635,8.301770167017821,9.302844875026494,1,4,2,0
