,subID,riskyGain,riskyLoss,safe,RT,loc,response,choice,outcome,iti,itiExtra,evLevel,evInd,runSize,strategy,stimDispStart,choiceTimeStart,isiStart,outcomeDispStart,itiStart,trial,roundRDM,roundColor
1,005,11.15,0.0,3.46,0.8649494590063114,1,"[['n', 0.8649494590063114]]",0,3.46,0.75,3.1350505409936886,5.0,1.0,5.0,0,0.010436792013933882,[],0.8806649170001037,1.3863293339964002,2.3874091670149937,1,1,0
2,005,5.74,0.0,6.39,0.6655160409864038,2,"[['n', 0.6655160409864038]]",1,0.0,1.75,3.334483959013596,5.0,1.0,5.0,0,8.027156042022398,[],8.695897042023716,9.201605625014054,10.202679125010036,2,1,0
3,005,28.89,0.0,16.27,0.8915057910198811,1,"[['v', 0.8915057910198811]]",1,28.89,0.75,3.108494208980119,15.0,2.0,16.0,3,0.014362624991917983,[],0.9111147089861333,1.4168236249824986,2.417937041987898,1,2,3
4,005,19.82,0.0,19.91,1.601553459011484,2,"[['v', 1.601553459011484]]",0,19.91,1.75,2.398446540988516,15.0,2.0,16.0,3,8.02636745898053,[],9.637256999994861,10.141628624987788,11.142734666995239,2,2,3
5,005,11.33,0.0,3.55,1.409703042008914,2,"[['n', 1.409703042008914]]",1,0.0,1.75,2.590296957991086,5.0,1.0,16.0,2,0.012051083002006635,[],1.4282345829997212,1.9328025830036495,2.933872249996057,1,3,2
6,005,8.86,0.0,5.13,1.0925605420197826,1,"[['v', 1.0925605420197826]]",1,8.86,0.75,2.9074394579802174,5.0,1.0,16.0,2,8.028816125006415,[],9.142773541010683,9.647773750009947,10.64886662500794,2,3,2
7,005,4.76,0.0,8.38,1.0582389589981176,2,"[['v', 1.0582389589981176]]",0,8.38,1.75,2.9417610410018824,5.0,1.0,5.0,1,0.016995874990243465,[],1.080185208003968,1.5844540419930127,2.585623166989535,1,4,1
8,005,14.72,0.0,2.36,0.8068811659759376,1,"[['v', 0.8068811659759376]]",1,0.0,0.75,3.1931188340240624,5.0,1.0,5.0,1,8.015384708007332,[],8.82550400000764,9.331563291983912,10.332704833010212,2,4,1
