,riskyGain,riskyLoss,safe,RT,loc,response,choice,outcome,iti,itiExtra,stimDispStart,choiceTimeStart,isiStart,outcomeDispStart,itiStart,trial
1,53.17,0,27.89,0.8559674589778297,1,"[['v', 0.8559674589778297]]",1,53.17,1,3.1440325410221703,0.02117949997773394,[],0.8835817499784753,1.3881887919851579,2.3893206249922514,1
2,6.45,0,5.1,0.9222937920130789,1,"[['n', 0.9222937920130789]]",0,5.1,1.5,3.077706207986921,6.5187115839798935,[],7.445641166996211,7.951067959016655,8.952212625008542,2
