,subID,riskyGain,riskyLoss,safe,RT,round_earnings,curr_goal,curr_bonus,loc,response,choice,outcome,iti,itiExtra,cond,stimDispStart,choiceTimeStart,isiStart,outcomeDispStart,itiStart,trial,roundRDM,roundColor,ischecktrial
1,005,0.0,0.0,7.55,0.8701229160069488,7.55,349.85,25,1,"[['n', 0.8701229160069488]]",0,7.55,1.25,3.129877083993051,0,0.014914667000994086,[],0.8907837090082467,1.3959934170125052,2.3970732919988222,0,1,1,1
2,005,6.79,0.0,9.92,1.3189656250178814,17.47,349.85,25,1,"[['n', 1.3189656250178814]]",0,9.92,1.25,2.6810343749821186,0,6.781337374995928,[],8.107796749973204,8.612250500009395,9.6133629999822,1,1,1,1
3,005,20.03,0.0,1.99,1.3405281670275144,20.03,420.79,100,2,"[['n', 1.3405281670275144]]",1,20.03,1.25,2.6594718329724856,3,0.01550354203209281,[],1.3635104999993928,1.8681610420462675,2.8692322090500966,0,2,0,0
4,005,15.96,0.0,10.02,1.2460106249782257,20.03,420.79,100,2,"[['n', 1.2460106249782257]]",1,0.0,0.75,2.7539893750217743,3,6.775633292039856,[],8.027167666994501,8.531744792009704,9.532836958998814,1,2,0,0
5,005,11.2,0.0,6.4,1.0639726250083186,6.4,349.85,100,1,"[['n', 1.0639726250083186]]",0,6.4,0.75,2.9360273749916814,2,0.013514375023078173,[],1.0871044169762172,1.5914914589957334,2.5925616669701412,0,3,3,0
6,005,20.53,0.0,7.73,1.6443079999880865,26.93,349.85,100,2,"[['n', 1.6443079999880865]]",1,20.53,0.75,2.3556920000119135,2,6.270761959021911,[],7.9229173340136185,8.428969374974258,9.430089542001951,1,3,3,0
7,005,10.68,0.0,10.68,1.3012420419836417,10.68,420.79,25,1,"[['n', 1.3012420419836417]]",0,10.68,0.75,2.6987579580163583,1,0.01541058300063014,[],1.3280592910014093,1.8324837499530986,2.833555958000943,0,4,2,1
8,005,10.12,0.0,6.94,1.5749760830076411,17.62,420.79,25,1,"[['n', 1.5749760830076411]]",0,6.94,0.75,2.425023916992359,1,6.277035082981456,[],7.86023629095871,8.364772332948633,9.365926374972332,1,4,2,0
