,riskyGain,riskyLoss,safe,RT,loc,response,choice,outcome,iti,itiExtra,stimDispStart,choiceTimeStart,isiStart,outcomeDispStart,itiStart,trial
1,53.17,0,27.89,1.007924749981612,1,"[['n', 1.007924749981612]]",0,27.89,1,2.992075250018388,0.02298900007735938,[],1.0356886250665411,1.5429946660296991,2.544129583053291,1
2,6.45,0,5.1,1.0409793748985976,2,"[['n', 1.0409793748985976]]",1,0,1.5,2.9590206251014024,6.527536750072613,[],7.571744041051716,8.076311125070788,9.077423833077773,2
