,subID,riskyGain,riskyLoss,safe,RT,loc,response,choice,outcome,iti,itiExtra,evLevel,evInd,runSize,strategy,stimDispStart,choiceTimeStart,isiStart,outcomeDispStart,itiStart,trial,roundRDM,roundColor
1,005,8.81,0.0,5.95,0.8209516670031007,2,"[['n', 0.8209516670031007]]",1,8.81,0.75,3.1790483329968993,5.0,1.0,5.0,0,0.009736166015500203,[],0.8355320830014534,1.3410895830020308,2.342253458016785,1,1,0
2,005,9.39,0.0,5.68,1.2567030000209343,1,"[['v', 1.2567030000209343]]",1,0.0,0.75,2.7432969999790657,5.0,1.0,5.0,0,7.023541166010546,[],8.286061375023564,8.791823125007795,9.79292979100137,2,1,0
3,005,19.48,0.0,19.74,1.379962249979144,1,"[['n', 1.379962249979144]]",0,19.74,1.75,2.620037750020856,15.0,2.0,5.0,3,0.013909041997976601,[],1.401439167006174,1.9057036669983063,2.906801750010345,1,2,3
4,005,37.84,0.0,10.92,0.9253541660145856,2,"[['n', 0.9253541660145856]]",1,37.84,0.75,3.0746458339854144,15.0,2.0,5.0,3,8.014895375003107,[],8.945488375000423,9.451412666996475,10.452526084001875,2,2,3
5,005,40.54,0.0,10.27,1.7617783749883529,1,"[['v', 1.7617783749883529]]",1,0.0,0.75,2.238221625011647,15.0,2.0,16.0,2,0.012260791001608595,[],1.78224745800253,2.2879147909989115,3.2890344580227975,1,3,2
6,005,26.3,0.0,16.39,0.9999596670095343,2,"[['n', 0.9999596670095343]]",1,0.0,1.25,3.0000403329904657,15.0,2.0,16.0,2,7.518187375011621,[],8.521746500016889,9.02769512499799,10.028804541012505,2,3,2
7,005,36.62,0.0,11.31,1.415351958014071,1,"[['v', 1.415351958014071]]",1,0.0,0.75,2.584648041985929,15.0,2.0,16.0,1,0.01355037500616163,[],1.4348040830227546,1.9397310409985948,2.9408029580081347,1,4,1
8,005,29.36,0.0,14.54,2.2394560410175472,2,"[['n', 2.2394560410175472]]",1,0.0,0.75,1.7605439589824528,15.0,2.0,16.0,1,7.0252513750165235,9.034880582999904,9.269043791020522,9.773443458019756,10.774570083012804,2,4,1
