,subID,riskyGain,riskyLoss,safe,RT,loc,response,choice,outcome,iti,itiExtra,evLevel,evInd,runSize,strategy,stimDispStart,choiceTimeStart,isiStart,outcomeDispStart,itiStart,trial,roundRDM,roundColor
1,005,2.66,0.0,9.33,1.9041938750015106,2,"[['v', 1.9041938750015106]]",0,9.33,0.75,2.0958061249984894,5.0,1.0,5.0,0,0.0165418749966193,[],1.9280279999948107,2.433747917006258,3.4348712920036633,1,1,0
2,005,13.88,0.0,3.42,2.233191125007579,2,"[['v', 2.233191125007579]]",0,3.42,1.25,1.766808874992421,5.0,1.0,5.0,0,7.535013249987969,9.544796834001318,9.77349370898446,10.277857999986736,11.279037083993899,2,1,0
3,005,31.18,0.0,15.17,1.5686492499953602,1,"[['n', 1.5686492499953602]]",0,15.17,1.25,2.43135075000464,15.0,2.0,16.0,3,0.017762125004082918,[],1.594178583996836,2.0988320000178646,3.0999272920016665,1,2,3
4,005,31.18,0.0,15.17,1.0239265830023214,2,"[['v', 1.0239265830023214]]",0,15.17,0.75,2.9760734169976786,15.0,2.0,16.0,3,7.521959375008009,[],8.55093445899547,9.056484041997464,10.05757541701314,2,2,3
5,005,19.64,0.0,0.82,1.6737700410012621,1,"[['v', 1.6737700410012621]]",1,19.64,1.25,2.326229958998738,5.0,1.0,5.0,2,0.009488915995461866,[],1.6922890410060063,2.1970422499871347,3.198142665991327,1,3,2
6,005,11.37,0.0,4.7,1.7791941670002416,1,"[['v', 1.7791941670002416]]",1,0.0,0.75,2.2208058329997584,5.0,1.0,5.0,2,7.520232749986462,[],9.305509625002742,9.810250415990595,10.811540333001176,2,3,2
7,005,5.6,0.0,6.32,1.3788460409850813,2,"[['v', 1.3788460409850813]]",0,6.32,1.25,2.6211539590149187,5.0,1.0,16.0,1,0.016796125011751428,[],1.403506250004284,1.9079614160000347,2.9091097500058822,1,4,1
8,005,13.4,0.0,3.18,2.0202409169869497,1,"[['v', 2.0202409169869497]]",1,0.0,1.25,1.9797590830130503,5.0,1.0,16.0,1,8.0281478750112,10.037396625004476,10.051590707997093,10.55618487499305,11.55727120800293,2,4,1
