,riskyGain,riskyLoss,safe,RT,loc,response,choice,outcome,iti,itiExtra,stimDispStart,choiceTimeStart,isiStart,outcomeDispStart,itiStart,trial
1,53.17,0,27.89,1.79672187496908,1,"[['v', 1.79672187496908]]",1,0,1,2.20327812503092,0.03039945801720023,[],1.8333992920815945,2.339209625031799,3.340286042075604,1
2,6.45,0,5.1,1.4868112920084968,1,"[['n', 1.4868112920084968]]",0,5.1,1.5,2.513188707991503,6.51951866701711,[],8.012172333081253,8.518931583035737,9.520092083024792,2
