,riskyGain,riskyLoss,safe,RT,loc,response,choice,outcome,iti,itiExtra,stimDispStart,choiceTimeStart,isiStart,outcomeDispStart,itiStart,trial
1,53.17,0,27.89,0.9472707920067478,2,"[['n', 0.9472707920067478]]",1,0,1,3.052729207993252,0.02986570799839683,[],0.981029957998544,1.4855887909943704,2.4868605000083335,1
2,6.45,0,5.1,0.28909020801074803,2,"[['n', 0.28909020801074803]]",1,0,1.5,3.710909791989252,6.523397749988362,[],6.815339958004188,7.31959004100645,8.320704332989408,2
