,subID,riskyGain,riskyLoss,safe,RT,round_earnings,curr_goal,curr_bonus,loc,response,choice,outcome,iti,itiExtra,cond,stimDispStart,choiceTimeStart,isiStart,outcomeDispStart,itiStart,trial,roundRDM,roundColor,ischecktrial
1,006,17.28,0.0,9.36,1.8334418330341578,17.28,420.79,25,2,"[['n', 1.8334418330341578]]",1,17.28,1.25,2.1665581669658422,1,0.015833375044167042,[],1.8590249581029639,2.3656921250512823,3.366755458060652,0,1,2,0
2,006,11.62,0.0,6.19,1.6664108749246225,28.9,420.79,25,2,"[['n', 1.6664108749246225]]",1,11.62,1.25,2.3335891250753775,1,6.7727967500686646,[],8.44525120803155,8.954855957999825,9.95591795805376,1,1,2,0
3,006,13.1,7.73,4.68,0.8678868749411777,13.1,349.85,25,2,"[['n', 0.8678868749411777]]",1,13.1,0.75,3.1321131250588223,0,0.015488791977986693,[],0.8869411669438705,1.394756417023018,2.39587745803874,0,2,1,1
4,006,19.28,0.0,8.36,1.1404222500277683,32.38,349.85,25,1,"[['v', 1.1404222500277683]]",1,19.28,1.25,2.8595777499722317,0,6.276830167043954,[],7.426110291969962,7.932329041999765,8.933400832931511,1,2,1,0
5,006,14.72,0.0,4.64,0.8735231660539284,14.72,349.85,100,2,"[['n', 0.8735231660539284]]",1,14.72,0.75,3.1264768339460716,2,0.013127207988873124,[],0.8910357079003006,1.3973857919918373,2.3984844170045108,0,3,0,0
6,006,13.94,0.0,5.03,0.9922922500409186,28.66,349.85,100,2,"[['n', 0.9922922500409186]]",1,13.94,1.25,3.0077077499590814,2,6.26915787498001,[],7.264678166946396,7.772246332955547,8.773395207943395,1,3,0,0
7,006,25.2,0.0,5.4,1.2072924999520183,0.0,420.79,100,2,"[['n', 1.2072924999520183]]",1,0.0,0.75,2.7927075000479817,3,0.013342833030037582,[],1.2267448330530897,1.7324922910192981,2.733608250040561,0,4,3,0
8,006,17.0,0.0,9.5,1.0642249580705538,17.0,420.79,100,2,"[['n', 1.0642249580705538]]",1,17.0,0.75,2.935775041929446,3,6.2812024160521105,[],7.348630625056103,7.854712540982291,8.855838333023712,1,4,3,0
