,subID,riskyGain,riskyLoss,safe,RT,round_earnings,curr_goal,curr_bonus,loc,response,choice,outcome,iti,itiExtra,cond,stimDispStart,choiceTimeStart,isiStart,outcomeDispStart,itiStart,trial,roundRDM,roundColor,ischecktrial
1,005,13.45,0.0,5.27,0.38553316600155085,0.0,349.85,25,2,"[['n', 0.38553316600155085]]",1,0.0,0.75,3.614466833998449,0,0.015398583025671542,[],0.40405920799821615,0.9086287500103936,1.9097228749888018,0,1,1,0
2,005,12.36,0.0,5.82,1.1303640839760192,5.82,349.85,25,2,"[['v', 1.1303640839760192]]",0,5.82,1.25,2.869635916023981,0,6.285888832993805,[],7.423373125027865,7.927863000018988,8.92903091601329,1,1,1,0
3,005,13.04,0.0,5.48,0.995704457978718,0.0,420.79,100,2,"[['n', 0.995704457978718]]",1,0.0,0.75,3.004295542021282,3,0.015431625011842698,[],1.0178658330114558,1.522357167035807,2.5235659580212086,0,2,0,0
4,005,17.73,0.0,3.13,1.423410417046398,17.73,420.79,100,1,"[['v', 1.423410417046398]]",1,17.73,1.25,2.576589582953602,3,6.2858864170266315,[],7.719037917035166,8.223627875035163,9.224781666998751,1,2,0,0
5,005,13.04,0.0,5.48,1.2171841250383295,13.04,349.85,100,2,"[['n', 1.2171841250383295]]",1,13.04,0.75,2.7828158749616705,2,0.013854207994882017,[],1.2381312910001725,1.7439117499743588,2.7449854579754174,0,3,3,0
6,005,17.0,0.0,9.5,1.6528623750200495,30.04,349.85,100,1,"[['v', 1.6528623750200495]]",1,17.0,0.75,2.3471376249799505,2,6.282545999973081,[],7.942720874969382,8.447285833011847,9.448383915994782,1,3,3,0
7,005,25.2,0.0,5.4,1.6736162080196664,25.2,420.79,25,1,"[['v', 1.6736162080196664]]",1,25.2,1.25,2.3263837919803336,1,0.015183416020590812,[],1.6958900410099886,2.200517082994338,3.201634583005216,0,4,2,0
8,005,13.94,0.0,5.03,2.011925208964385,25.2,420.79,25,1,"[['v', 2.011925208964385]]",1,0.0,1.25,1.988074791035615,1,6.775601500004996,8.785430875024758,8.791903541015927,9.297512916033156,10.298676999984309,1,4,2,0
