,subID,riskyGain,riskyLoss,safe,RT,loc,response,choice,outcome,iti,itiExtra,evLevel,evInd,runSize,strategy,stimDispStart,choiceTimeStart,isiStart,outcomeDispStart,itiStart,trial,roundRDM,roundColor
1,005,23.72,0.0,18.86,1.4257669579965295,2,"[['n', 1.4257669579965295]]",1,0.0,0.75,2.5742330420034705,15.0,2.0,5.0,0,0.010599415996694006,[],1.4421919579981477,1.9486254579969682,2.949730583000928,1,1,0
2,005,29.52,0.0,14.34,1.9265002500033006,2,"[['n', 1.9265002500033006]]",1,29.52,0.75,2.0734997499966994,15.0,2.0,5.0,0,7.032472582999617,[],8.967316582995409,9.473092290994828,10.474185415994725,2,1,0
3,005,16.24,0.0,1.12,0.5969015000009676,1,"[['n', 0.5969015000009676]]",0,1.12,0.75,3.4030984999990324,5.0,1.0,16.0,3,0.014240458003769163,[],0.6174092080036644,1.1218245000054594,2.1229365000035614,1,2,3
4,005,13.33,0.0,3.99,2.022918791997654,1,"[['v', 2.022918791997654]]",1,0.0,1.25,1.977081208002346,5.0,1.0,16.0,3,7.535941875001299,9.545767166004225,9.561987083005079,10.066454625004553,11.067650583005161,2,2,3
5,005,36.38,0.0,0.0,2.094199874998594,1,"[['v', 2.094199874998594]]",1,36.38,0.75,1.9058001250014058,15.0,2.0,16.0,2,0.012040207999234553,2.0224061670014635,2.111216958001023,2.6156650000048103,3.6168105000033393,1,3,2
6,005,31.53,0.0,14.78,2.185269834000792,1,"[['v', 2.185269834000792]]",1,0.0,1.75,1.8147301659992081,15.0,2.0,16.0,2,8.04115350000211,10.051431833002425,10.229594791999261,10.73401641700184,11.735118125005101,2,3,2
7,005,31.83,0.0,13.8,2.6031112919954467,1,"[['v', 2.6031112919954467]]",1,0.0,1.25,1.3968887080045533,15.0,2.0,16.0,1,0.01434329200128559,2.026704542004154,2.621793875005096,3.1266680420012563,4.1278088340040995,1,4,1
8,005,28.71,0.0,15.34,2.303357708005933,1,"[['v', 2.303357708005933]]",1,0.0,1.75,1.696642291994067,15.0,2.0,16.0,1,8.545572209004604,10.555111375004344,10.853397834005591,11.357819791999646,12.358907542002271,2,4,1
