,subID,riskyGain,riskyLoss,safe,RT,loc,response,choice,outcome,iti,itiExtra,evLevel,evInd,runSize,strategy,stimDispStart,choiceTimeStart,isiStart,outcomeDispStart,itiStart,trial,roundRDM,roundColor
1,005,50.61,0.0,23.76,0.8785697080020327,2,"[['n', 0.8785697080020327]]",1,50.61,1.25,3.1214302919979673,25.0,3.0,16.0,0,0.010101791995111853,[],0.8938154589850456,1.3994082919962239,2.4005379589798395,1,1,0
2,005,48.13,0.0,25.05,1.2928005840221886,1,"[['v', 1.2928005840221886]]",1,48.13,1.25,2.7071994159778114,25.0,3.0,16.0,0,8.027072917000623,[],9.327673916995991,9.833799624990206,10.834940333996201,2,1,0
3,005,28.07,0.0,15.86,1.6773034580110107,1,"[['v', 1.6773034580110107]]",1,28.07,1.75,2.3226965419889893,15.0,2.0,16.0,3,0.014343791001010686,[],1.6995951659919228,2.2041199159866665,3.205260874994565,1,2,3
4,005,35.76,0.0,11.88,0.8020074590167496,2,"[['n', 0.8020074590167496]]",1,0.0,1.75,3.1979925409832504,15.0,2.0,16.0,3,9.01491212498513,[],9.820174749998841,10.32562470799894,11.326757540984545,2,2,3
5,005,54.06,0.0,23.79,0.8434459999843966,2,"[['n', 0.8434459999843966]]",1,54.06,0.75,3.1565540000156034,25.0,3.0,16.0,2,0.014527833001920953,[],0.8630338329821825,1.368602499976987,2.3697153329849243,1,3,2
6,005,51.5,0.0,25.05,1.6038434590154793,1,"[['v', 1.6038434590154793]]",1,0.0,0.75,2.3961565409845207,25.0,3.0,16.0,2,7.0148842909839,[],8.625306332978653,9.12986608297797,10.131003290996887,2,3,2
7,005,5.72,0.0,6.38,1.3859597500122618,1,"[['n', 1.3859597500122618]]",0,6.38,0.75,2.614040249987738,5.0,1.0,5.0,1,0.015921999991405755,[],1.4104813750018366,1.9148585420043673,2.9159610419883393,1,4,1
8,005,8.73,0.0,5.91,1.5686124159838073,1,"[['v', 1.5686124159838073]]",1,8.73,0.75,2.4313875840161927,5.0,1.0,5.0,1,7.0263148749945685,[],8.603282249998301,9.109051375009585,10.110138874995755,2,4,1
