,subID,riskyGain,riskyLoss,safe,RT,loc,response,choice,outcome,iti,itiExtra,evLevel,evInd,runSize,strategy,stimDispStart,choiceTimeStart,isiStart,outcomeDispStart,itiStart,trial,roundRDM,roundColor
1,005,13.52,0.0,3.8,2.91284958300821,2,"[['n', 2.91284958300821]]",1,0.0,1.25,1.0871504169917898,5.0,1.0,16.0,0,0.010881415990297683,2.0226244579971535,2.928040290993522,3.433667790988693,4.434758415998658,1,1,0
2,005,19.24,0.0,0.0,1.8205378750135424,1,"[['v', 1.8205378750135424]]",1,0.0,0.75,2.1794621249864576,5.0,1.0,16.0,0,7.525244958000258,[],9.352036165990285,9.857738040998811,10.858872915996471,2,1,0
3,005,49.23,0.0,26.16,1.229164625008707,1,"[['n', 1.229164625008707]]",0,26.16,1.75,2.770835374991293,25.0,3.0,16.0,3,0.011399458002415486,[],1.2488226249988656,1.7542894169891952,2.7553881670028204,1,2,3
4,005,52.15,0.0,24.81,1.755186499998672,2,"[['v', 1.755186499998672]]",0,24.81,1.25,2.244813500001328,25.0,3.0,16.0,3,8.521787167002913,[],10.284924499996123,10.789424332993804,11.790602166991448,2,2,3
5,005,57.18,0.0,0.0,0.6049474580067908,2,"[['n', 0.6049474580067908]]",1,0.0,1.25,3.395052541993209,25.0,3.0,5.0,2,0.01986316600232385,[],0.6282675830007065,1.1332109999930253,2.134313165995991,1,3,2
6,005,42.68,0.0,29.34,0.25370904098963365,1,"[['v', 0.25370904098963365]]",1,42.68,1.25,3.7462909590103664,25.0,3.0,5.0,2,8.032271624993882,[],8.29132383299293,8.79611645800469,9.797206624993123,2,3,2
7,005,33.24,0.0,12.62,0.8394565409980714,2,"[['n', 0.8394565409980714]]",1,0.0,0.75,3.1605434590019286,15.0,2.0,5.0,1,0.015378541997051798,[],0.8582203749974724,1.3627531670063036,2.3639141250023386,1,4,1
8,005,27.05,0.0,15.64,1.569473041992751,2,"[['n', 1.569473041992751]]",1,27.05,1.75,2.430526958007249,15.0,2.0,5.0,1,8.044465209008195,[],9.621499625005526,10.12609550000343,11.127226374999736,2,4,1
