,subID,riskyGain,riskyLoss,safe,RT,loc,response,choice,outcome,iti,itiExtra,evLevel,evInd,runSize,strategy,stimDispStart,choiceTimeStart,isiStart,outcomeDispStart,itiStart,trial,roundRDM,roundColor
1,005,12.32,0.0,3.2,1.2345157079980709,1,"[['v', 1.2345157079980709]]",1,12.32,1.25,2.765484292001929,5.0,1.0,16.0,0,0.010532999993301928,[],1.2555769589962438,1.7601474999974016,2.7612406669941265,1,1,0
2,005,7.9,0.0,6.91,1.0754922080086544,2,"[['v', 1.0754922080086544]]",0,6.91,0.75,2.9245077919913456,5.0,1.0,16.0,0,7.516053208993981,[],8.596580999990692,9.100859333993867,10.101985125002102,2,1,0
3,005,19.08,0.0,0.54,1.247218291988247,1,"[['v', 1.247218291988247]]",1,0.0,0.75,2.752781708011753,5.0,1.0,16.0,3,0.015175332999206148,[],1.2679682500020135,1.7729496660031145,2.7740771249955287,1,2,3
4,005,6.96,0.0,7.28,0.999711541007855,2,"[['v', 0.999711541007855]]",0,7.28,1.25,3.000288458992145,5.0,1.0,16.0,3,7.52377595800499,[],8.528433915998903,9.033900875001564,10.034959957993124,2,2,3
5,005,49.17,0.0,25.85,1.503332042004331,2,"[['n', 1.503332042004331]]",1,49.17,0.75,2.496667957995669,25.0,3.0,5.0,2,0.013407459002337418,[],1.5246976670023287,2.0304564999969443,3.0315572089893976,1,3,2
6,005,59.04,0.0,19.52,1.4665874580095988,1,"[['v', 1.4665874580095988]]",1,0.0,0.75,2.5334125419904012,25.0,3.0,5.0,2,7.032363624995924,[],8.505366333993152,9.010246833990095,10.011363792000338,2,3,2
7,005,55.08,0.0,21.54,1.8180267910065595,1,"[['v', 1.8180267910065595]]",1,0.0,0.75,2.1819732089934405,25.0,3.0,16.0,1,0.017117625000537373,[],1.841121874997043,2.3468444159952924,3.347935375000816,1,4,1
8,005,46.63,0.0,25.99,1.1566177909990074,1,"[['n', 1.1566177909990074]]",0,25.99,0.75,2.8433822090009926,25.0,3.0,16.0,1,7.029729957997915,[],8.199903957996867,8.704251125003793,9.705370291005238,2,4,1
