,riskyGain,riskyLoss,safe,RT,loc,response,choice,outcome,iti,itiExtra,stimDispStart,choiceTimeStart,isiStart,outcomeDispStart,itiStart,trial
1,53.17,0,27.89,1.2017285830224864,1,"[['v', 1.2017285830224864]]",1,0,1,2.7982714169775136,0.0300862499861978,[],1.2383368329610676,1.7430867499788292,2.744248458009679,1
2,6.45,0,5.1,0.09515512501820922,1,"[['v', 0.09515512501820922]]",1,6.45,1.5,3.904844874981791,6.512837207992561,[],6.61120512499474,7.117972208012361,8.119101582968142,2
