,riskyGain,riskyLoss,safe,RT,loc,response,choice,outcome,iti,itiExtra,stimDispStart,choiceTimeStart,isiStart,outcomeDispStart,itiStart,trial
1,53.17,0,27.89,1.8163424160011346,2,"[['n', 1.8163424160011346]]",1,0,1,2.1836575839988654,0.020782958003110252,[],1.8434119580051629,2.348675707995426,3.3497639580018586,1
2,6.45,0,5.1,0.7406809999956749,2,"[['v', 0.7406809999956749]]",0,5.1,1.5,3.259319000004325,6.5237612500059186,[],7.267302166001173,7.772169500007294,8.773247082994203,2
